id,name,location,address,email,phone,created_time,modified_time
1,Harris-Weaver,Ryanview,"908 Hardy Burgs
East Jennifer, ND 81147",fgeorge@example.org,727-639-3167x297,2022-05-18 14:30:08,2020-01-28 06:47:31
2,"Fitzgerald, Hartman and Henry",Port Carmenchester,"3671 Mendez Plaza Suite 240
Mitchellville, WV 62036",hillrobin@example.net,4737658070,2023-04-27 20:56:07,2022-03-07 06:11:12
3,Terrell Inc,South Tyler,"6775 Jenkins Causeway
Mooreburgh, CT 88412",martinezmichael@example.net,(587)631-6076x97217,2024-03-25 00:10:39,2021-05-12 22:52:40
4,"Carney, Gordon and Brooks",Adammouth,"39464 Mario Causeway Apt. 549
East Bryan, HI 20614",wgonzales@example.net,+1-555-800-4846x10414,2020-10-07 01:37:53,2022-06-04 17:10:42
5,Jones Ltd,North Carolyn,"378 Robles Circles
Kimberlyburgh, WI 41050",hmiller@example.org,(478)473-9864x86590,2024-03-31 11:59:20,2025-06-17 22:09:25
6,"Marshall, Snow and Holt",New Brian,"6299 Samuel Drive
Kerriville, PA 20516",travisbarnes@example.com,001-211-977-5723x167,2024-11-13 13:14:08,2023-12-20 03:55:35
7,Walton-Jones,Victorchester,"073 Melissa Ford
New Christinaview, AL 36559",barnesmichael@example.net,913.601.0674x5248,2023-10-03 02:51:35,2022-10-18 12:07:02
8,"Garcia, Smith and Bowman",Adamston,"USCGC Beck
FPO AP 29550",parmstrong@example.com,2453535110,2024-11-22 13:37:40,2024-06-20 00:44:28
9,Anderson-Gray,Macdonaldport,"5187 Fisher Summit Apt. 133
East Christopherborough, KS 65032",lisa93@example.org,666-879-0555,2021-09-07 15:18:24,2020-02-27 13:19:44
10,"Patrick, French and Jefferson",South Catherine,"601 Gary Isle Suite 437
Ashleystad, HI 75474",littlepatrick@example.org,(363)707-1899x49680,2021-02-08 15:21:07,2024-12-24 13:25:50
11,"Mason, Oconnor and Henry",Port Stephenport,"9801 Schroeder Road Apt. 407
New Derrickport, NE 66933",omullins@example.com,649-764-5894x636,2023-01-17 04:51:32,2020-02-28 12:02:48
12,"Nichols, Smith and York",Lake Kristin,"272 Campbell River
Pittmanberg, FL 90818",xallen@example.org,5048483434,2023-02-27 04:16:45,2021-08-16 12:03:13
13,"Summers, Conner and Savage",Johnmouth,"PSC 8184, Box 2118
APO AE 05138",laura16@example.com,(547)601-0053,2023-07-17 01:35:35,2023-12-06 17:02:53
14,Owens-Andersen,East Danielmouth,"54935 Anthony Isle Apt. 263
East Elizabeth, PW 28112",millerkerri@example.com,982.677.3042,2025-06-14 04:37:25,2025-04-18 11:09:54
15,Hernandez-Moreno,Lake Emily,"5351 Julie Pines
Houstonbury, OH 28207",kellyhardy@example.com,001-624-529-7686x83363,2023-05-01 11:24:00,2023-12-29 10:19:51
16,Harris-Fisher,Joshuastad,"296 Mark Keys Apt. 957
North Rachelchester, VI 96569",scottclark@example.org,317-292-1801x3168,2021-11-09 16:17:14,2023-01-04 18:39:55
17,"Davis, Paul and Burns",Stacyfurt,"37546 Christensen Courts
East Jason, VT 40718",jonathan27@example.com,+1-635-889-2837x43802,2020-10-14 12:02:00,2024-02-03 22:59:56
18,Valdez Ltd,Martinezview,"768 Frank Loaf Suite 227
Davidside, PR 30284",lorraine44@example.org,557.396.4503,2021-04-27 21:58:13,2021-06-14 15:37:59
19,Conway-Riley,East Maryshire,"04060 Green Track Apt. 444
Leebury, MN 91384",tiffanywelch@example.com,423-867-4674x483,2020-04-18 09:01:40,2021-03-30 04:50:45
20,Hawkins-Bates,Port Jennifermouth,"9574 Louis Camp Apt. 532
Smithport, WV 71519",ucollins@example.net,9586940581,2020-07-08 09:34:52,2023-05-26 12:25:58
21,Taylor-Nguyen,East Jackbury,"USNS Kelly
FPO AP 53571",omontgomery@example.org,001-422-213-9741x1429,2022-10-16 10:09:44,2020-06-08 22:05:04
22,Gross Ltd,New Erinview,"287 Melissa Run
Lake Cynthia, ME 12293",waltersernest@example.com,452.732.8177x4809,2023-12-17 13:23:03,2024-04-12 07:26:01
23,"Collins, Flowers and Robinson",Lake Amanda,"989 Bailey Bridge
Port Samantha, MN 55332",mark15@example.net,502.565.9070,2021-11-29 12:57:18,2021-09-02 16:26:52
24,Copeland-Meyers,Dillonberg,"USNV Fuentes
FPO AA 81612",jasminehampton@example.com,(539)328-9749,2024-07-20 15:26:41,2025-03-27 08:15:36
25,Jensen-Lewis,New Brandi,"08632 Miranda Lodge
Maryland, AS 50897",pottscarlos@example.net,8754921990,2023-10-12 12:02:22,2021-06-11 02:09:27
26,"Ramos, Williams and Garcia",Youngville,"40565 Bryant Gateway Suite 022
New Crystalfort, IL 16482",andrew41@example.com,(594)770-6835,2021-12-26 08:13:20,2021-03-27 18:44:14
27,Brooks-Peters,Vaughnview,"6368 Kimberly Meadow
North Laurastad, CT 32633",plee@example.net,(636)664-8277,2022-08-16 02:20:40,2021-01-12 22:29:17
28,"Li, Ward and Shaffer",Valerieton,"27706 Joshua Road
South Tammie, AK 20509",dana37@example.org,+1-904-602-9150x395,2020-08-30 22:52:19,2024-12-28 12:40:25
29,"Olson, Haley and Dorsey",Lyonsfort,"29884 Barrett Ferry
Victoriamouth, PA 05823",theodorecrawford@example.com,+1-884-722-6949,2021-12-04 10:06:15,2025-01-24 05:03:08
30,Hardin-Sanders,West Jaredton,"5600 Barnett Courts
Port Jessicastad, NH 53217",bruce52@example.org,001-521-984-2546,2023-03-31 05:39:23,2023-09-09 23:35:52
31,Luna-Rodgers,Garciachester,"99023 Schroeder Course Apt. 991
Josephside, CO 57285",acostajennifer@example.com,259.820.3425x6941,2020-02-20 11:00:20,2023-09-25 15:57:01
32,Nelson-Perez,Amychester,"6208 Santiago Vista
Nguyenshire, FL 83971",brian23@example.net,963.393.8118,2025-02-17 01:32:41,2022-04-18 19:27:49
33,Weiss-Spencer,Dianaberg,"57450 Robles Manors Apt. 012
Campbellfurt, TN 07176",rogeraguilar@example.com,+1-228-802-5375x69109,2024-11-10 06:42:12,2023-11-09 09:04:23
34,Arroyo-Mosley,Port Crystal,"226 Castro Summit
Herreraville, WY 56663",danielwebb@example.org,(600)285-0702x58187,2021-02-22 19:02:38,2021-02-11 00:10:03
35,Guerrero-Hudson,West Emilychester,"626 Banks Courts
Douglasport, NY 33610",amanda78@example.net,+1-265-294-5159x7305,2020-01-10 03:43:25,2025-01-31 07:14:39
36,Wright Inc,Smithview,"285 Flores Springs
Michaelville, KS 98340",karen26@example.com,5125053805,2020-08-27 08:26:42,2022-03-16 17:28:12
37,"Foster, Li and Phillips",Barnesshire,"479 Grace Ports
South John, VT 68254",chenzachary@example.net,6985243654,2021-07-29 09:37:39,2023-01-22 16:09:47
38,Hansen and Sons,New Thomastown,"0895 Cheryl Bridge
Davidhaven, NC 49277",nicolehouse@example.org,877-736-4372,2024-05-16 05:17:22,2025-01-09 14:08:44
39,Knapp-Smith,New Darren,"1150 Mary Squares
Leshire, MI 72889",madison56@example.net,994.936.9916,2022-09-10 02:53:39,2020-03-18 06:04:35
40,"Villanueva, Mitchell and Flores",Kathleenmouth,"USS Oliver
FPO AE 29295",judithchaney@example.com,+1-352-589-9852x19343,2021-07-21 10:56:49,2021-08-30 13:01:35
41,"Owens, Mcguire and Phillips",West Markstad,"82229 Petersen View Apt. 030
Stephaniehaven, NJ 92488",cruzkaren@example.net,302-491-9286,2023-03-21 09:03:00,2024-10-29 22:08:03
42,Robles-Allison,Russellstad,"650 Stone Prairie Apt. 437
East Alexander, MD 51658",fdavis@example.com,+1-883-818-9919x680,2022-10-03 11:06:00,2022-12-22 19:04:40
43,Long and Sons,Donnaside,"569 Martin Keys
Kristinastad, PA 17823",hmiller@example.org,(435)475-7898x84096,2024-06-09 09:55:37,2023-07-06 04:39:21
44,Ramirez-Barton,Sanchezville,"1917 Cummings Views Suite 766
Mathisport, MP 03932",ronaldwalker@example.com,(668)932-6838x64025,2023-01-07 22:04:57,2021-12-11 06:33:57
45,Barr-Melton,Sandersbury,"85711 Zimmerman Estate Apt. 162
Jamesberg, NC 60377",teresa15@example.org,+1-976-783-5468,2023-06-19 03:35:57,2024-01-16 22:10:42
46,Reynolds-Rivera,Doyleberg,"69657 Cox Hill
Petersonfurt, WA 18219",margaretmiller@example.net,627.407.7787x8174,2021-06-20 02:46:28,2025-05-30 11:42:49
47,Hanson-Vargas,Jamesburgh,"814 Theresa Road
Cortezborough, KY 74963",maydominic@example.org,(268)351-0373,2023-10-23 15:17:02,2024-11-25 06:04:20
48,Thomas LLC,Jennifermouth,"6680 Veronica Field Suite 975
Davidchester, AK 85455",vincentkidd@example.net,(530)695-1624,2022-10-17 16:09:16,2023-07-04 03:07:48
49,Woodard Ltd,Lindastad,"Unit 1921 Box 8814
DPO AA 93826",matthew07@example.org,(728)692-0985x62449,2024-06-05 09:44:06,2021-08-30 03:25:40
50,"Macdonald, Miller and Beck",Kyleview,"9887 Daniel Lights Apt. 240
Armstrongville, TN 42761",ljames@example.org,+1-705-792-4119,2022-08-10 23:24:49,2020-09-19 21:49:18
